mensagem	classe
Tu realmente acha que o bolsonaro teve uma parcela grande de "votos de protesto"?  √â s√≥ ir no Twitter, Instagram, Facebook ou andar pelas ruas pra voc√™ ver a quantidade de pessoas que REALMENTE se identificam com o pensamento de um idiota bo√ßal como nosso querido presidente...  Ele foi eleito porque ele REPRESENTA uma ENORME parcela da popula√ß√£o brasileira.	0
> s√≥ mostrou que √© uma parcela pequena da popula√ß√£o  o cara ganhou uma elei√ß√£o e ainda tem 25% de aprova√ß√£o de acordo com pesquisas.  o cara ainda aparece como segundo lugar geral em pesquisas eleitorais para a presidencia no ano que vem.  na rua nao tem bot mas eu "trombo" diariamente como todo o tipo de bolsonarista.  se tu acha que a parcela que ele "detem" √© pequena voce est√° em desilus√£o.	0
Spoiler: as fake news do zap v√£o assustar eles de novo e v√£o votar 17 no sigilo	0
E tem coisa mais arrogante que o brasileiro m√©dio?   Conhe√ßo muita gente que se tiver que escolher entre admitir que errou ou ganhar 1 milh√£o de d√≥lares continua pobre. Ainda mais se for pra admitir que t√° na merda pq foi apresentado com uma escolha √≥bvia e resolver ser burro.	0
Longe de ser desejo meu. Meu desejo n√£o pode ser postado aqui pois viola certas regras do sub, mas √© que eu me canso de ver essa discuss√£o todo dia, a mesma velha demoniza√ß√£o do Luka e do PT, o mesmo antipetismo de sempre com as pessoas ousando comparar o maior presidente da hist√≥ria recente do Brasil com esse bronco inepto facho sem escr√∫pulos.	0
> 85% dos eleitores do presidente defendem o uso obrigat√≥rio de m√°scaras  Duvido que esta pergunta foi clara.	0
N√£o discordo, tem gente que votou nele por ignor√¢ncia.  Mas ainda assim votaram nele, e foram sim bolsonaristas na sua ignor√¢ncia. Se um sujeito n√£o sabe dirigir entra num carro e atropela algu√©m, voc√™ diria "mas o coitado nunca aprendeu a freiar"? A partir do momento que a pessoa escolheu entrar no carro, ela se torna respons√°vel por todas as a√ß√µes que isso leva.  Se n√£o, se a gente partir do pressuposto que as pessoas n√£o podem ser responsabilizadas pelo pr√≥prio voto, ent√£o j√° podemos come√ßar a dizer que √© pra vir uma ditadura mesmo, pois estamos admitindo n√£o acreditar na capacidade de um povo de tomar decis√µes pol√≠ticas.	0
Por s√©culos o que? Diretas J√° n√£o tem nem 40 anos, e mudou completamente o sistema governamental.  E ah mano, pelamor. Entre 2013 e 2018 era um bando de "vamos tirar tudo isso ai", "√© bom Jair se acostumando", "precisamos da volta da ditadura" e muito mais, e voc√™ t√° agora querendo me dizer que as pessoas achavam que o voto delas n√£o ia fazer diferen√ßa?  √â engra√ßado como na √©poca que era pra tirar a esquerda do poder por pedalas, o "gigante acordou", mas agora com governo de direita e 600 mil mortes de repente o papo do "pol√≠tico √© tudo igual, n√£o adianta fazer oposi√ß√£o" voltou com tudo.	0
Eu realmente gostaria de saber quais foram as perguntas feitas. Algumas respostas apresentas no artigo n√£o fazem sentido.	0
Sim, vai causar menos polariza√ß√£o porque ele entrega de bandeja 100% dos interesses do establishment.  A polariza√ß√£o com um governo de esquerda me parece um pre√ßo bem melhor a se pagar.	0
O importante √© lembrar o que as pesquisas falavam e o que aconteceu de fato.	0
Quero s√≥ ver...	0
Dif√≠cil acreditar. Bolsonarista votando em Lula ou vice-e-versa fere a ordem natural das coisas.	0
N√£o quero pensar nessa possibilidade, mais 4 anos de sofrimento independente de qual ganhe.	0
hahahhahahahah fonte datafolha num link da carta capital   colega eu como comida fria pq aperto 17 ate no microondas	0
O importante √© aprender a li√ß√£o: n√£o votar em retardado como forma de protesto	1
N√£o sei o pobre que literalmente parou de fazer as tr√™s refei√ß√µes.  Mas a classe m√©dia isentona e cheirosinha com certeza vai votar no Bolsonaro quando estiver de frente pra linha do gol.	1
Com o d√≥lar do jeito que est√° acho dif√≠cil	1
Isso √© desejo seu? Porque a essa altura do campeonato ficar com piada com isso, acreditando em metaf√≠sica frente a realidade da infla√ß√£o, da economia e de todo o resto √© pura arrog√¢ncia.	1
Governo PT j√° √© lembrado com nostalgia	1
O Lula √© o presidente mais bem aprovado da hist√≥ria democr√°tica brasileira, ningu√©m deveria se surpreender com esse saudosismo	1
Isso acontece porque pasmem: poucos s√£o bolsonaristas. Muitos votaram nele. Existe um abismo de diferen√ßa.	1
Vcs realmente subestimam o quanto da popula√ß√£o brasileira √© completamente analfabeta pol√≠tica, o quanto do voto do brasileiro √© baseado √∫nicamente no "ah, ele parece ser simp√°tico", ou algo do tipo, n√©?  Eu tenho familiares que votaram no Collor pq ele era bonito. Tenho conhecidos que nunca sequer tinham ouvido falar no Bolsonaro antes da elei√ß√£o, e que nem sabem direito o que √© fascismo (e n√£o no sentido de "acha que sabe mas n√£o sabe", mas no sentido "literalmente n√£o tem a menor ideia do que a palavra significa" mesmo).  E isso √© uma parcela muito, MUITO grande do Brasil.  Acreditar que todo mundo que votou no Bolsonaro compactuava com as ideias escrotas dele - ou sequer **sabia** do que ele falou ou deixou de falar - √© se declarar preso na bolha social de pessoas com educa√ß√£o pol√≠tica (e sim, no Brasil, isso √© uma bolha, e uma bolha at√© que relativamente pequena).	1
Queria entender a mente de quem vota no Bolsonaro e depois no Lula em um espa√ßo de uns 3 anos.	1
Achar que o povo t√° preocupado com direita e esquerda, quem √© liberal e quem √© comunista, ou coisa do tipo, √© um erro.  Povo nem sabe o que √© isso.  Eles votam em quem tem mais identifica√ß√£o pessoal mesmo. Em quem ganha pelo carisma e pelo jeito "pov√£o" de ser.  Exemplo disso √© que quando o Lula saiu das elei√ß√µes de 2018, boa parte dos votos dele foi para o Bolsonaro, porque depois do Lula (que era "gente como a gente"), o mais pr√≥ximo de "pov√£o, gente como a gente" era justamente o Bolsonaro.  Essa coisa de foto com peixe, p√£o com leite condensado, comer burger king... A gente zoa essas coisas mas esse tipo de coisa tem muito mais import√¢ncia do que parece pro pov√£o pobre, porque d√° uma id√©ia de "eu sou simples e humilde como voc√™, e sei exatamente o que voc√™ quer que o governo fa√ßa".	1
Tangencialmente, quem s√£o os loucos que acham que o D√≥ria tem chances de ser presidente?  Cara, Brasileiro nunca gostou nem nunca vai votar em um almofadinha para presidente.	1
Sim, existe essa galera.  Ainda assim √© muito estranho algu√©m votar no candidato x e depois votar no inimigo direto dele 3 anos depois.	1
Bolsonaro ganhou por causa do Lula e agora o Lula ganha por causa do Bolsonaro kkkkkk. √â de fuder kkkkk. Se pa 2026 boz√≥ volta n√£o duvido nada.	1
Vem o pr√≥ximo bolsonaro quando for a hora de rodar a roda forte pra direita de novo. Vale lembrar que nos governos petistas a roda parou de girar pra direita mas n√£o girou pra esquerda, j√° que a maioria das solu√ß√µes do petismo foram solu√ß√µes liberais que n√£o resolveram problemas de longo prazo e apenas surfaram na onda dos comodities.  Eu t√¥ pra dizer que a maioria das mudan√ßas positivas tiveram origem fora da corrente dominante do petismo (que √© essencialmente conciliadora e liberal).	1
Bolsonaro vai ser o maior "criador" de comunistas da hist√≥ria kkkkk	1
>em um eventual segundo turno entre Lula e Bolsonaro, migrariam seus votos para o petista. Ao todo, 23% votariam em Lula, 65% repetiriam o voto em Bolsonaro e 12% votariam em branco ou nulo neste cen√°rio.  >No cen√°rio de primeiro turno, Lula tamb√©m √© o que vai melhor entre os arrependidos do voto em 2018. 16% votariam no petista; 7% em Ciro Gomes (PDT); 6% em Jo√£o Doria (PSDB); 3% em Luis Henrique Mandetta (DEM); 9% em branco, nulo ou nenhum. Segundo o Datafolha, s√≥ 56% repetiriam o voto no ex-capit√£o.  Ent√£o ele perdeu quase metade dos votos no 1¬∫ turno e 1/3 dos votos no 2¬∫ turno.   Se confirmar isso, j√° era pra ele. Ele n√£o ganhou com folga suficiente pra poder perder 35% dos votos.	1
Pobre Brasil.  Voc√™ n√£o vai ter um bom lider	1
Agora tem pequisa para saber quem √© bolsonarista arrependido.   E quantos s√£o os lulistas arrependidos?	1
"Vamos tirar um criminoso da presid√™ncia votando em um criminoso pra presid√™ncia"  T√° √≥, de parab√©ns.  Lula pro inferno e leva o Bozo junto.	1
Espero que isso n√£o aconte√ßa üôèüôè	1
O Brasil tem enorme potencial, espero que elejam algu√©m que saiba usar os recursos do pais e n√£o s√≥, o pais est√° numa posi√ß√£o cimeira no que toca a lideran√ßa da MERCOSUR. Lembrem o contexto internacional em que vivemos, a Am√©rica latina tem as maiores reservas de l√≠tio e petr√≥leo do planeta terra, explore-se o petr√≥leo enquanto a transi√ß√£o estiver em andamento, entretanto prepare-se as compet√™ncias para extrair, processar e transformar o l√≠tio em produtos de valor acrescentado, nomeadamente baterias para carros e at√© para as redes el√©tricas. O futuro est√°s nas vossas m√£os, votem em algu√©m inteligente e n√£o em algu√©m popular.	1
At√© agora o Eduardo Leite me parece ser o melhor candidato, um cara tranquilo √© o que n√≥s realmente precisamos agora.	1
Prefiro um presidente bom do que um bosta tranquilo.	1
Ele √© bom, quando eu digo no sentido tranquilo, eu falo no caso de causar menos polariza√ß√£o, como vai acontecer inevitavelmente com o Bolsonaro ou Lula.	1
Culpa do marreco. Qu√©eeck!!!!	1
De fuder trocar Bolsonaro por Lula, brasileiro n√£o aprende que n√£o tem s√≥ esses 2 macacos pra votar	1
Em uma nota semi-relatada, eu acho ''macaco'' uma palavra muito engra√ßada e boa pra se usar de ofensa, √© uma pena que as pessoas vejam com conota√ß√£o racista, ent√£o n√£o tem nem como usar.	1
Here we go again...	1
Agora em quem essas criaturas querem votar no primeiro turno ent√£o? Preocupante üëÄ	1
E o argumento de haver 57 milh√µes de fascistas n√£o fazia nenhum sentido, pra surpresa de quase ningu√©m.  Galera votou pq era um populista barato e v√£o votar no Lula por ser outro. Voto por ideologia n√£o deve dar 5% dos totais.	1
Confesso que ri, mas n√£o vou falar do qu√™.	1
Kkkk	1
Ai ai democracia...	1
Trocar um ladr√£o populista por outro, depois a pergunta que n√£o quer calar continua PoR qUE sErA qUe o BrAsiL nUm vAi para fRenTe, grande mist√©rio	1
Dependendo da sua ‚Äúbolha de conviv√™ncia‚Äù voc√™ vai esbarrar com aloprados gritando mito... mas a realidade dos pre√ßos dos alimentos nos supermercados estai a√≠ para todos. Muitas perdas de entes queridos por uma doen√ßa que poderia ter a situa√ß√£o de transmiss√£o melhor controlada e administrada se ele n√£o fosse um completo incompetente. O combate √† corrup√ß√£o √© o mais importante e o Bozo soube se vender em 2018 mas a realidade de mil dias de governo dele fica dif√≠cil demais votar de novo nesse facista do baralho!	1
Brasil √© muito loko	1
Mem√≥ria curta que fala n√©?	1
Por que n√£o votam no primeiro turno?	1
Os dois s√£o ruins. Essa √© a verdade, colocar um ruim s√≥ porque o outro foi pior.	1
Deus me livre, eu voto nulo mas n√£o voto nem nesse facista, genocida, sem no√ß√£o e sem capacita√ß√£o alguma para liderar um pa√≠s nem nesse bebum, mentiroso, ladr√£o que quase faliu o pa√≠s, saiu do poder antes do circo pegar fogo e deixou a bomba pra Dilminha lexotan segurar! E burro, trouxa, gado e iludido quem n√£o fizer igual. E antes que alguem venha, ah vc n√£o escolhe um lado, vc tbm tem culpa, eu respondo: um caralho! culpado √© vc que se submeteu a escolher aceitar um lado e defende "pol√≠tico" de estima√ß√£o.	1
A chapa bolsolula cada vez se consolidando mais...	1
Pra provar que s√£o gados mesmo, v√£o cometer o mesmo erro novamente, parab√©ns	1
Quem √© burro √© burro.	1
Vc t√° querendo demais do brasileiro... Vai esquecer essa li√ß√£o em dois meses	2
Vai esquecer? J√° esqueceu.	2
J√° esqueceu	2
Tu percebe que BR tem mem√≥ria de peixe quando v√™ Collor de Mello ocupando cargo pol√≠tico....	2
O que voc√™ disse???	2
>Vc t√° querendo demais do brasileiro...  "Brasileiro bad"	2
Deviam ter aprendido na √©poca do Tiririca, massss n√©.	2
Lembrete di√°rio de que o Tiririca est√° em seu terceiro mandato mesmo ap√≥s descumprir sua √∫nica promessa, a de que n√£o ficaria pior que estava.	2
Cara, quer ver o pulo do gato de rede social? Faz o seguinte, entra no YouTube e por exemplo, veja o tanto de coment√°rio que tem em v√≠deos de certos canais (CNN, Band, etc). Voc√™ vai ver uma enxurrada de negativo no v√≠deo e coment√°rios contra o ve√≠culo.  A√≠, entra no "Shorts" de algum desses mesmos canais. **N√£o** tem negativo e nem coment√°rios contra. √ìbvio, porque os bots/mavs n√£o foram direcionados pra l√°, simplesmente esqueceram de fazer isso. E acho que nem tem como.  Se fosse algo org√¢nico, isso aconteceria em todos os locais. Mas n√£o, √© direcionado, arquitetado. Um bando de gente comentando a mesma coisa todo dia no mesmo local. S√≥ que muda o local e do nada todo mundo some.  Tme uma turminha que segue sim a fio. Mas o que aconteceu dia 7 s√≥ mostrou que √© uma parcela pequena da popula√ß√£o.	2
Maioria das pessoas o apoia por conservadorismo religioso, medo de perder privil√©gios em um governo de esquerda ou por ver nele um s√≠mbolo de masculinidade tradicional(sabe-se l√° porque).  S√£o uma parcela significativa da popula√ß√£o, mas n√£o s√£o o brasileiro m√©dio que est√° fazendo malabarismo financeiro pra pagar 7 reais de gasolina e 100 de g√°s.	2
T√£o votando no lula dnv, pelo visto n√£o aprenderam a li√ß√£o	2
E qual seria uma op√ß√£o melhor e mais vi√°vel eleitoralmente do que o Lula? Ciro? Amo√™do?	2
Ei, bom dia, o termo retardado √© capacitista, usado para se referir a pessoas com defici√™ncia intelectual/autismo e de forma ofensiva.	2
√© o que est√° acontecendo com o Lula, pessoal quer votar nele s√≥ pra tirar o Bolsonaro, quando na real dev√≠amos votar em candidatos verdadeiramente bons.	2
Eu voto no Lula porque eu acho ele um candidato verdadeiramente bom.  E ele liderava todas as pesquisas contra o Boslonaro pr√©-2018 ent√£o acho que muita gente vota nele porque gosta dele mesmo.	2
Claro, se tu analisar sem muito aprofundamento, o Brasil s√≥ cresceu no mandato dele, e esse √© o principal argumento a favor dele, agora, se tu for ver na pr√°tica o que ele fez, tu vai ver que ele √© apenas um Presidente de obra pronta, n√£o tem cacife para reerguer um pa√≠s, que √© o que o Brasil realmente precisa.	2
Se analisar direito, um presidente faz um trabalho t√£o bom quanto seu antecessor. Fhc deixou a economia do brasil bem equilibrada e metade dos projetos que o Lula fez j√° engatilhados. Os √∫nicos que o Lula pode tomar para si s√£o o fome zero(que deu errado) e a transposi√ß√£o do S√£o Francisco (que at√© hoje n√£o t√° feita, j√° teve um custo 5x maior que o previsto).   Ok, ele reestruturou de maneira bem feita (e pouco sustent√°vel) os programas sociais existentes, mas n√£o sei se ele teria condi√ß√µes de lidar com a economia atual do Brasil.	2
E quem seria esse candidato? Nomes, por favor.	2
Bixo, o Zema governador de Minas (apesar de ser do partido novo) tem feito um trabalho muito bom. O cara t√° resolvendo o problema dos servidores com verbas atrasadas, resolveu o problema dos im√≥veis estatais (o estado alugava im√≥vel superfaturado pra funcionar as reparti√ß√µes mesmo tendo im√≥veis alugados para terceiros a pre√ßo de banana, puta esquema de corrup√ß√£o), t√° negociando de maneira efetiva com a vale e colocou a ALMG no lugar dela, n√£o tem mais essa de passar verba pra deputado estadual pra ele repassar pra quem quiser e sumir com metade. Com isso todas as cidades est√£o recebendo verbas (proporcionais ao n√∫mero de habitantes, pib e tals), bem como escolas e programas estaduais. Acho que vale a pena acompanhar o trabalho dele.	2
E votar no partido que causou a maior crise econ√¥mica da hist√≥ria do pa√≠s e o maior caso de corrup√ß√£o do planeta tudo bem?  &#x200B;  √â bem inocente acreditar que da noite para o dia o brasileiro vai votar em nanicos, como tamb√©m acreditar que voc√™ sabe de antem√£o como seria o governo destes.  &#x200B;  Ent√£o vai acontecer o mesmo de sempre, se o Lula concorrer, vai acabar Lula contra Bolsonaro. E os que se fazem de isent√µes, ir√£o votar no partido que destruiu o pa√≠s e pretende repetir o feito com a promessa de explodir o teto de gastos.  &#x200B;  Votar no Brasil sempre foi uma quest√£o de colocar o menos pior, e contra o Haddad (que prometia tamb√©m explodir o teto de gastos, citado pelo meirelles como plano que certamente causaria outra recess√£o, e isso antes de pandemia existir), Bolsonaro continuou sendo o menos pior.	2
O governo dele foi exatamente tudo o que tentamos avisar que seria, mais especialmente um retrocesso democr√°tico. Qualquer op√ß√£o com humanidade supera uma op√ß√£o desumana, qualquer op√ß√£o que respeita a democracia √© melhor que um autorit√°rio fascista. A gente pode lutar contra corrup√ß√£o, pode lutar por um plano econ√¥mico melhor, mas n√£o pode deixar a luta cair pra se vai ter golpe, se vai ter elei√ß√£o, se o presidente vai respeitar os outros poderes. Bolsonaro nunca √© o menos pior, contra nenhum candidato.	2
Bom, ent√£o j√° vou deixar avisado que com o Lula n√£o vai mudar nada.	2
Vai pq o Lula aprendeu oq n√£o fazer kkkk	2
Retrocesso democr√°tico? Os 3 poderes est√£o l√° intactos, o que mudou? Ele n√£o passou nenhuma reforma na constitui√ß√£o que mudou como as elei√ß√µes funcionam, n√£o aumentou os poderes do presidente e muito menos est√° censurando a m√≠dia como uns prometem fazer.  √önico evento desde a redemocratiza√ß√£o que feriu a democracia foi o mensal√£o onde houve comprovadamente compra de votos para obter a maioria da bancada, tecnicamente paralizando e corrompendo o processo democr√°tico usando de propina, roubada de estatal inclusive.  Fascista, voc√™ nem sabe o que √© fascismo. Fascismo √© tudo pelo estado, e se o Bolsonaro fez algo, foi entregar o poder do estado diminuindo impostos federais e acelerando privatiza√ß√µes, sem contar aumentar o direito das pessoas de armarem. √â o oposto do que fascistas fazem.  O √∫nico fascismo que existe √© na sua imagina√ß√£o, ou nas besteiras que o Bolsonaro diz, por√©m n√£o se encontra em nenhuma a√ß√£o do Estado sob ele, ao menos n√£o de forma diferente do que era antes.  N√£o cansa de ficar repetindo a besteira de vai ter golpe n√£o? Ou o Bolsonado se aliou ao centr√£o ou vai ter golpe, achar que os 2 v√£o acontecer simult√¢neamente √© paradoxal. Os 3 poderes est√£o l√° para um manter o outro em cheque, e o STF cometeu abusos. N√£o est√£o l√° para ficarem de m√£os dadas.	2
Fica dif√≠cil debater quando voc√™ claramente n√£o tem a menor no√ß√£o do que significa Fascismo. Pode pegar o consenso da maioria dos historiadores, fil√≥sofos e cientistas pol√≠ticos, n√£o sou s√≥ eu que estou dizendo.  Querer dissociar as coisas que ele diz das coisas que ele faz √© trat√°-lo como uma crian√ßa mimada, que bosta de governante √© esse? Ele est√° constantemente amea√ßando os outros poderes e j√° tivemos sinais de que, embora ele seja um covarde, suas bravatas influenciam negativamente a popula√ß√£o. Haja visto as v√°rias pris√µes feitas por amea√ßas ao STF e os caminh√µes que bloquearam vias depois do 7 de Setembro.   Como ele age √© t√£o importante quanto as suas a√ß√µes, porque ele √© um representante popular, est√° em evid√™ncia e numa posi√ß√£o de poder. Nada do que ele est√° falando √© perdo√°vel s√≥ porque ele al√©m de mentiroso e hip√≥crita, √© um covarde. Beleza de governante.	2
Me incomoda muito a arrog√¢ncia e determinismo que a "esquerda iluminada" tem. S√©rio, essa mentalidade bin√°ria e simplista, por mais que acerte as vezes, s√≥ sedimenta essa diferen√ßa e corta ponte pra fazer justamente pol√≠tica.  Quando voc√™ trata quem √© diferente de voc√™ como "inimigo", "culpado" e "do mal" por natureza voc√™ perde a oportunidade de fazer pontes. Talvez aquele rol√™ de bloquear geral que n√£o concorda contigo em rede social seja um dos pontos chave do porque a esquerda n√£o consegue mais penetrar na pessoa que n√£o √© de esquerda.	2
Se por ‚Äúquem n√£o concorda‚Äù voce ta falando em quem ve o bolsonaro falando que ‚Äúpreto nao serve nem pra procriar,‚Äù ou que ‚Äúse nao fosse feia te estuprava‚Äù e passa pano em racismo nojento, e fala que nao tem nada de preocupante tentar se impor numa discuss√£o com uma mulher amea√ßado viola-la, ou que no voto pro impeachment da dilma (que foi torturada na ditadura), mandar um ‚Äúem homenagem ao ustra, terror da dilma,‚Äù e acha isso sequer aceit√°vel ou ignoravel, bloqueio sim e nao faco mais questao de falar com essa pessoa nao.  Se voce vem com esse discurso de pensa diferente e pensamento fosse ‚Äúeu gosto de futebol‚Äù √© uma coisa. Se o pensamento diferente em quest√£o √© de um supremacista branco ou alguem que nao se importa em viol√™ncia contra mulher, nao quero fazer ponte nenhuma com essa gente nao. Elas precisam √© de na melhor das hip√≥teses educa√ß√£o, na pior serem presas. Nao quero ponte nenhuma nao.	2
Esse √© o problema cara, tu acha que as pessoas que apoiam o bolsonaro s√£o ligadas em pol√≠tica e passam o dia se horrorizando com fofoca pol√≠tica. Isso √© estar preso na bolha.  Tu pega alguns exemplos de lixo humano que apoiam o bolsonaro e extrapola pra qualquer pessoa que tenha cogitado votar ou votado nele, a bolha bolsonarista de 2018, e talvez uma parte significativa da bolha bolsonarista de hoje sequer sabe desses epis√≥dios, eles circulam quase que exclusivamente entre pessoas de esquerda. Outro dia numa social uma guria chorou real vendo alguns desses v√≠deos do bolsonaro, ficou revoltada ali, ao vivo e a cores, porque at√© ent√£o o √∫nico "contato" dela com a ideia de que o bolsonaro era quem √© tinha sido de gente √† esquerda falando merda e n√£o sabendo construir base antes de falar.  Voc√™s fazem com a direita exatamente o que a direita faz com a esquerda, parte do princ√≠pio arrogante de que voc√™s conhecem a verdade e o outro n√£o, e que √© DEVER do outro correr atr√°s pra ser iluminado igual a voc√™. S√≥ que do ponto de vista dele, o burro, ignorante e  alienado/manipulado da hist√≥ria √© voc√™ e as outras pessoas de esquerda. =)  E sinceramente, eu acho impressionante como gente que se julga t√£o esclarecida, moderna e descolada n√£o seja capaz de enxergar como essa mentalidade bin√°ria √© arcaica e reducionista. Pra mim isso s√≥ refor√ßa o fato de que humanos, na hora se diferenciarem de chimpanz√©s, n√£o teriam o direito de se distinguirem enquanto racionais, j√° que adotam praticamente as mesmas abordagens na hora de lidar com outro grupo.	2
Ningu√©m nesse pa√≠s com uma conex√£o com a internet est√° sem saber de pelo menos o b√°sico do que ele fez, e quando os apoiadores ouvem o que ele fala eles s√≥ ignoram. Esse papinho de dois lados porco √© insano, at√© porque n√£o √© fun√ß√£o da esquerda ensinar que estupro √© errado. N√£o tem nem compara√ß√£o entre um cara que apoia o Bolsonaro com base em not√≠cias falsas vistas pelo Facebook e uma √°rea normal do espectro pol√≠tico, s√≥ liberal manda uma dessas. O outro grupo literalmente quer fazer uma ditadura, mas temos que ser compreensivos	2
Sai da bolha e vai na casa da sua tia bolsonarista pra dar uma olhada em como ela se informa. Tu acha que a Internet √© neutra e n√£o tem retroalimenta√ß√£o e omiss√£o em pleno 2021.	2
Tem sim, mas tem que ser muito ot√°rio pra achar que eles n√£o sabem das piores coisas que ele fez. Eu j√° falei com Bolsominions eu SEI que eles sabem, tendeu?	2
L√≥gico que eles sabem, eles s√≥ n√£o ligam.  O que o user ali em cima disse t√° certo por um lado.  A direita da de 10 a zero em propaganda na esquerda, principalmente no Brasil.  Vide 2018, a esquerda n√£o soube ler como estava  a opini√£o p√∫blica, brigou entre si e botou um cara ligado com quem, pra boa parte da popula√ß√£o, era um bandido, e ainda refor√ßaram essa liga√ß√£o.	2
>A direita da de 10 a zero em propaganda na esquerda, principalmente no Brasil.  Sim. Porque a direita tem poder institucional e a esquerda n√£o.  >Vide 2018, a esquerda n√£o soube ler como estava a opini√£o p√∫blica, brigou entre si e botou um cara ligado com quem, pra boa parte da popula√ß√£o, era um bandido, e ainda refor√ßaram essa liga√ß√£o.  Errado. A esquerda 'classe m√©dia alta' -- a que realmente se identifica com a esquerda e que faz "leitura" sobre opini√£o p√∫blica -- votou no Ciro Gomes. Ele ficou em segundo lugar em quase todo bairro rico do Sudeste. Eu mesmo votei no Ciro (algo que eu me arrependo).  Quem fez o Haddad chegar no segundo turno n√£o foi a 'esquerda' e sim a classe DE e a popula√ß√£o do interior do Nordeste.	2
√â exatamente isso	2
S√≥ tu ver que geral acha que eu sou minion por ter falado que nem todo mundo que votou e vota no bolsonaro √© escroto igual ele. Aiai.	2
Tomei downvote por ter concordado, a esquerda precisa crescer, todo mundo reclama do twitter mas no final vem pra c√° agir igual	2
Eu acho bem cansativo esse discurso de que a esquerda s√≥ n√£o penetra nas pessoas porque √© intolerante com o pensamento alheio. O conservadorismo tamb√©m √© intolerante com o pensamento alheio e a gente vive numa sociedade conservadora pra caralho. A homofobia √© intrinsicamente intolerante e super popular. Acho que a dificuldade de fazer politica no campo da esquerda tem menos a ver com insistir que √© anti-etico ser homofobico, querer menos direitos trabalhistas, desmantelar presta√ß√µes de servi√ßo publico, etc etc e mais a ver com n√£o haver um equivalente de esquerda aos bilhonarios, institui√ß√µes religiosas e grande midia que investe pesado em difundir suas ideias pol√≠ticas. N√£o dizendo que n√£o haja institui√ß√µes com ideais de esquerda, mas a diferen√ßa de poder e alcance √© enorme.	2
A gente sabe o que falar, mas n√£o sabe como falar.  O conservadorismo sabe como falar e fala bem, na hora de reunir em torno de uma causa falam quase que exclusivamente sobre os temas com maior resson√¢ncia, apelam √† emo√ß√£o de um jeito √∫til √† eles e sabem apelar pras emo√ß√µes certas. A esquerda acha que d√° pra apelar pra empatia de quem enxerga esquerda como inimigo e sinceramente, racha com muita facilidade e tem muita briga de ego por superioridade moral.  N√£o querendo criar treta mas j√° criando: A milit√¢ncia de esquerda, ou pelo menos a parte mais barulhenta dela, √© essencialmente burra, liberal e segue uma cartilha de como ser esquerdista feita pela DIREITA.  Porque a direita n√£o precisa dar argumentos contra a esquerda, ela deixa que a gente d√™ p√©ssimos argumentos √† favor.	2
Tem um monte de conservador burro pra caralho que n√£o sabe dialogar tamb√©m, principalmente a parte mais barulhenta. A sua impress√£o que "o conservadorismo sabe falar e falar bem" vem do fato que existe todo um maquinario de marqueteiros bem pagos para difundir essas ideias pela sociedade, e sim eles s√£o bons no seu trabalho. Mas tamb√©m tem um monte de gente de esquerda que sabe dialogar e construir argumentos. Como falei a diferen√ßa √© que simplesmente n√£o √© compravel o apoio institucional que cada grupo tem para difundir suas ideias. N√£o existe grandes institui√ß√µes midiaticas que ficam refor√ßando a import√¢ncia de defender direito trabalhista e os servi√ßos publicos. N√£o tem grandes institui√ß√µes religiosas refor√ßando a import√¢ncia de respeitar e proteger minorias. E isso vem do fato que as pessoas com mais poder na nossa sociedade tem esse poder via a explora√ß√£o do trabalho dos outros. Elas precisam convencer gente pobre a votar contra seus interesses economicos ent√£o √© util pra elas que as igrejas fiquem gritando que o que ta destruindo a sociedade s√£o os gays e pessoas trans, n√£o as pessoas que t√£o literalmente transformando o pa√≠s num deserto pra lucrar um pouco mais. Vc ta olhando um punhdo de gente de esquerda idiota, que concordo que existe um monte, e falando que s√£o por causa deles que as pessoas n√£o querem abra√ßar causas de esquerda. Mas sua an√°lise √© muito simplista e ignora essas for√ßas institucionais. Nas suas plavras, √© isso mesmo que a direita bem organizada e com apoio institucional ta vendendo, que a esquerda √© composta de gente irrazoavel e sem planos concretos, e vc ta caindo nessa. Voc√™ fala que a direita n√£o precisa fazer argumentos contra a esquerda, mas ela precisa sim, e gasta dinheiro pra caralho nisso. E esse investimento ta tendo retorno. Quando voc√™ fica apontando o dedo pra esquerda chata do twitter como representante de toda a esquerda ignorando todos esses fatores institucionais voc√™ ta ajudando eles, e ainda ta fazendo isso de gra√ßa.	2
>Eu acho bem cansativo esse discurso de que a esquerda s√≥ n√£o penetra nas pessoas porque √© intolerante com o pensamento alheio  Voc√™ pode achar cansativo, √© apenas a verdade. A esquerda √© literalmente conhecida por n√£o tolerar nem mesmo o pensamento de pessoas dentro da esquerda.  >O conservadorismo tamb√©m √© intolerante com o pensamento alheio e a gente vive numa sociedade conservadora pra caralho  A√≠ que voc√™ se engana. E o fato de voc√™ n√£o entender porque √© mais f√°cil levar algu√©m pro conservadorismo do que pra esquerda √© porque voc√™ est√° numa bolha fudida.	2
Sim, voc√™ √© s√≥ mais um dos que "vai ser obrigado" a votar no Bolsonaro no segundo turno porque foi criticado pela "esquerda iluminada".	2
N√£o sei se ele votaria ou n√£o, mas existe um problema de comunica√ß√£o sim. As pessoas poderiam fazer o m√≠nimo de esfor√ßo.	2
Poderia expandir a sua resposta?  Eu vou ter que tentar explicar para um adulto que ser machista, racista, preconceituoso com nordestinos, homof√≥bico, etc, √© ruim?	2
Vou dar um exemplo, se voc√™ chega j√° falando que o cara √© bolsominion s√≥ por causa desse coment√°rio a√≠, ent√£o voc√™ n√£o t√° contribuindo em nada.  Se voc√™ n√£o tem paci√™ncia para tentar mudar a opini√£o de quem votou no Bolsonaro em 2018 √© melhor n√£o falar nada.	2
Engra√ßado que o seu coment√°rio deixa claro que voc√™ n√£o tem a m√≠nima paci√™ncia para tentar mudar minha opini√£o.  Seja objetivo. Como posso melhorar minha comunica√ß√£o com algum eleitor do Bolsonaro?	2
Quando seus advers√°rios abertamente negam a realidade e defendem um genocida voc√™ tenda a ver eles pelo que s√£o, n√©	2
O petistas negam abertamente a realidade e defendem cegamente "a corrup√ß√£o petista" do ponto de vista dos conservadores. E a√≠?  Vamos continuar falando de realidade como algo subjetivo ou vamos abrir o campo de vis√£o pra al√©m da bolha e enxergar o que est√° acontecendo de verdade?	2
A arrog√¢ncia √© sua, voc√™ provavelmente n√£o tem nada a perder com Bolsonaro ou seus Minions e por isso n√£o entende que quando um zo√≥filo, racista, homof√≥bico e defensor de estupro e tortura aparece tentando deixar centenas de milhares morrerem pro seu experimentozinho de imunidade de rebanho enquanto acaba com todos os servi√ßos p√∫blicos do pa√≠s e deixa a Amaz√¥nia queimar (o que tem a ver com essa seca que estamos tendo hoje), as pessoas n√£o v√£o passar pano pra quem botou ele l√°. s√£o inimigos, culpados e do mal. Ponte √© o caralho, quem apoia essa porra ainda hoje n√£o tem como ter um pingo de car√°ter, e mesmo quem deixou de apoiar j√° mostrou muito da pr√≥pria face.	2
Mas a√≠ a esquerda perde denovo e onde ficam essas reclama√ß√µes todas?  Viram meme.  Tem que ser mais pragm√°tico.  A direita quando quer se une de maneira que seria absurda, √© monarquista com liberal, fascista com ancap.  A esquerda muitas vezes fica de mimimi pq fulano n√£o concorda em algum ponto, vide o que aconteceu com a Dilma e PT, onde a esquerda se virou toda contra eles.  V√™ se a direita n√£o se sentir amea√ßada, se n√£o esque√ßem rapidinho das brigas internas.  Tem que ver, infelizamente, se vale mais a pena ganhar ou estar certo.	2
Voc√™ meu amigo est√° cert√≠ssimo, mas esse nem √© o ponto. Estamos falando aqui de vir de papinho pra Bolsominions como se eles fossem o grupo que temos que focar ou como se eles fossem inocentes. Centro? T√° valendo? Centro direita? At√© d√° pra discutir. Centro esquerda? Vai tranquilo. Direita? N√£o gosto mas at√© me aliaria se eles tratassem a esquerda como igual. Mas a extrema direita n√£o, eles n√£o s√£o inocentes e n√£o devem ser o foco de jeito nenhum	2
Ah, sim, nesse ponto est√° correto, tem uma parcela que pode vir o melhor argumento e prova em HD 4k que n√£o adianta.  O problema √© pintar todos com o mesmo pincel, a parte da propaganda que a direita acerta, √© usar coisas que "todos" concordam, e vender isso, escondendo as partes ruims.  A esquerda muitas vezes usa pautas que a maioria n√£o liga, e as a vezes a entrega n√£o √© l√° muito carism√°tica.  L√≥gico, tem a parte institucional, mas n√£o ajudam quando as pautas que botam em evid√™ncia s√£o pautas indentit√°rias e entregues de maneira...direta.  √â meio ruim de falar mas tem que saber o jogar o jogo deles, infelizmente.  O problema √© que j√° conseguiram pintar muitas causas trabalhistas como "comunismo" e a√≠ cabe a esquerda desvincular isso.  √â complicado, mas na minha humilde opini√£o, o primeiro passo √© saber quem √© quem e n√£o colocar todos que votaram no Bolsonaro como Bolsonarista, entender pq o fizeram e agir sobre isso, tem uma parcela ali que n√£o tem jeito, mas a maioria s√≥ requer trabalho e n√£o apontar o dedo na cara, brasileiro do jeito que √© vota s√≥ pra contrariar.	2
>A direita quando quer se une de maneira que seria absurda, √© monarquista com liberal, fascista com ancap.  At√© porque monarquistas, liberais, fascistas (brasileiros) e ancaps tem muito mais converg√™ncias ideol√≥gicas do que diferen√ßas.  Por exemplo, √© poss√≠vel aplicar o programa econ√¥mico liberal em uma monarquia. E ancap √© s√≥ uma extremiza√ß√£o do modelo econ√¥mico liberal, ent√£o n√£o √© t√£o mais dif√≠cil agradar ancaps do que agradar a liberais. E o fascismo pode muito bem ser a cola que une essas ideologias.	2
Mas √© exatamente isso mesmo. √â o famoso "tudo que eu n√£o gosto √© fascismo".     Esquerda: QUEM N√ÉO APOIA LULA E NEM BOLSONARO VAI VOTAR NO BOLSONARO   MINIONS: QUEM N√ÉO APOIA LULA E NEM BOLSONARO VAI VOTAR NO LULA     √â exatamente o mesmo discurso polarizado, s√≥ muda o pol√≠tico.	2
Para ser exatamente o mesmo discurso, voc√™ teria que acreditar que os governos do PT e o governo Bolsonaro representaram coisas similares para a democracia brasileira.  E √© dif√≠cil uma vis√£o mais polarizada (e errada) sobre o Brasil do que essa.	2
S√≥ ver o pessoal me dando hate achando que sou bolsominion, eu sou filiado a um partido que expulsa sumariamente qualquer um que demonstre apoio ao bolsonaro em qualquer rede social ou mensagem privada. XD	2
> por mais que acerte as vezes  Narrador: ‚Äúacertou todas as vezes‚Äù	2
Eu sempre disse isso, mas voc√™ colocou de forma precisa e muito bem articulada. Eu j√° dizia, nas elei√ß√µes de 2014, que era errado chamar de fascista quem votava no A√©cio. Nem todo mundo √© t√£o politizado. Votou no biroliro porque votou, sabe l√° o motivo. Se for hostilizado pela corrente pol√≠tica contr√°ria, vai ser empurrado para os bra√ßos do demo. √â importante que os progressistas recebam os arrependidos de bra√ßos abertos.	2
Com um p√© atr√°s tamb√©m, mas n√£o adianta ficar falando "eu sou intelijente voc√™ √© burro eu sou intelijente voc√™ √© burro" e achar que vai fazer algo com isso.  √â muito ego e briga pra ver quem √© o pirocudo da panelinha de esquerda e pouca massa cinzenta pra prevenir que a direita coopte essas pessoas de novo. S√≥ ver que a galera √© "antibolsonaro" mas n√£o sabe dizer quem financia, banca e se beneficia desse governo. Ou melhor, n√£o sabe propor como fazer com que os mecanismos que deram origem ao bolsonarismo se repitam, no m√°ximo fala abertamente de educa√ß√£o.	2
Ent√£o aproveita e me diz os n√∫meros da pr√≥xima mega-sena a√≠ por favor	2
Ah, de novo t√° vindo o pessoal do "voc√™ n√£o pode prever o futuro".  Eles apareceram pra mim quando do eu falei que o Bozo ia ganhar a √∫ltima elei√ß√£o.  E quando eu falei que o Moro tava fazendo jogo pra virar pol√≠tico, antes de ele ser feito ministro.  E quando eu falei que com o Bozo no poder iam ter mortes como consequ√™ncia direta da mentalidade facista dele.  E quando eu falei que o Trump ia ganhar a elei√ß√£o dele (a original).  Mas claro, *dessa vez* voc√™s tem raz√£o, e √© imposs√≠vel de prever acontecimentos a partir do nosso conhecimento do presente.	2
>E quando eu falei que com o Bozo no poder iam ter mortes como consequ√™ncia direta da mentalidade facista dele.  Caramba, voc√™ previu o COVID?  Espero que tenha comprado a√ß√µes da Pfizer.	2
2 7 16 19 32 41	2
Verdade. O problema da nostalgia √© que s√≥ lembram do que era bom e minimiza o que era ruim. Brasil teve uma boa √©poca, mas sempre com dificuldades. Meu medo √© voltar o PT e o povo desiludir, apesar de as coisas melhorarem aos poucos.	2
Acho q no momento todo mundo s√≥ quer q o barco pare de afundar  Isso feito v√£o se olhar pro capit√£o com olhos mais pol√≠ticos e a√≠ pode sim desandar  Mas conhecendo o Lula ele tem mais do q capacidade de agradar quem precisa agradar pra ter governabilidade, o q claro tmb tem seus perigos	2
Perto de 2019 pra c√° o que voc√™ considera ruim no governo do PT?	2
Muitas alian√ßas escusas com grupos conservadores como o agro e os evang√©licos. Falta de aplica√ß√£o de uma estrat√©gia a longo prazo com melhorias em educa√ß√£o e sa√∫de por exemplo.   N√£o regulou a m√≠dia.	2
O Bolsonaro checa todos os pontos acima e fez todas aquelas milh√µes de merdas que todos conhecemos.	2
N√£o estou negando.  Voc√™ pediu os pontos negativos do governo PT eu forneci os que eu lembrei de pronto.  Se eu for falar do governo Bolsonaro eu vou ficar com LER de tanto digitar.	2
Ent√£o acho que voc√™ entendeu errado meu coment√°rio.  Os governos do PT est√£o a um abismo de terem sido perfeitos.  Estou comparando com o inferno que temos vivido desde 2019.	2
Regular a M√≠dia ???	2
H√° muita concentra√ß√£o na propriedade dos meios de comunica√ß√£o em poucas fam√≠lias e grupos empresariais.  Isso faz com que as narrativas sirvam a interesses de poucos.  Fora √© claro o fato de que n√£o temos direito de resposta regulamentado.	2
Se voc√™ votou num candidato voc√™ apoiou diretamente aquele candidato.  Se mudaram de ideia, que bom, mas entre mudar de ideia e vir com "eu nunca acreditei nas coisas do sujeito que eu elegi" tem um abismo de diferen√ßa.	2
Mas por s√©culos, freiar ou n√£o nunca mudou nada na vida do brasileiro comum, pq seria assim agora?	2
Apoiar != Concordar  A grande maioria das pessoas est√° se lixando pra o que o candidato profere, quem ele discrimina ou o que ele faz. Votam em quem eles acreditam que vai garantir mais seguran√ßa na esquina com a padaria e um aumento no emprego.  Em 2018, diria que quem votou no Pocket por que realmente concordava com a merda que ele falava n√£o foi quem ganhou a elei√ß√£o pra ele. Quem deu a presid√™ncia pra ele percebeu a maior crise desde os anos 90, a maior taxa de assassinatos na hist√≥ria do pa√≠s, hist√≥ria de corrup√ß√£o todo dia na TV e votou no cara que, pro bem ou pro mal, parecia mais firme na oposi√ß√£o.   Ano que vem v√£o fazer exatamente  as mesmas observa√ß√µes. Imagino que a conclus√£o vai ser parecida.	2
>Apoiar != Concordar  Apoiar significa concordar sim senhor. Ningu√©m nunca vai dar apoio √† algo que n√£o concorde.  No seu caso voc√™ concordou com todo o discurso bozista de "mudar o que t√° ai", √© apoiou ele por isso.  >Quem deu a presid√™ncia pra ele percebeu a maior crise desde os anos 90, a maior taxa de assassinatos na hist√≥ria do pa√≠s, hist√≥ria de corrup√ß√£o todo dia na TV e votou no cara que, pro bem ou pro mal, parecia mais firme na oposi√ß√£o.   E aqui vemos o t√≠pico "bolsonarista arrependido".  Votou no corno, e, mesmo depois de 600 mil mortes, n√£o tem os culh√µes de admitir que cometeu um erro. Continua repetindo todos os argumentos que o corno falou na √∫ltima elei√ß√£o, enquanto ao mesmo tempo fala que n√£o concorda com eles.  Vai tomar vergonha na cara, covarde.	2
Mas que atitude absolutamente idiota. N√£o vou discutir, claramente n√£o vale a pena.    N√£o votei no Bolsonaro. Espero que reconsidere sua arrog√¢ncia.	2
>Apoiar significa concordar sim senhor. Ningu√©m nunca vai dar apoio √† algo que n√£o concorde.  Apoio cr√≠tico existe.	2
Collor: am I a joke to you?	2
r/UpliftingNews	2
<Jackie Chan confuso>	2